City_ID,City,Lat,Lng,Max Temp,Humidity,Cloudiness,Wind Speed,Country,Date
0,blackmans bay,-43.0167,147.3167,7.08,83,64,2.69,AU,1686612107
1,shush,32.1942,48.2436,35.23,13,0,4.14,IR,1686612107
2,dunkwa,5.9656,-1.78,21.09,91,41,0.96,GH,1686612108
3,chernomorskoye,45.5039,32.6997,16.91,90,66,2.99,UA,1686612071
4,viedma,-40.8135,-62.9967,6.73,55,2,3.25,AR,1686612108
5,aoulef,26.9667,1.0833,35.18,9,0,4.0,DZ,1686612108
6,hithadhoo,-0.6,73.0833,28.0,75,90,2.22,MV,1686612108
7,georgetown,5.4112,100.3354,28.96,81,20,3.09,MY,1686611829
8,charters towers,-20.1,146.2667,19.65,78,25,0.86,AU,1686612108
9,vilyuysk,63.7553,121.6247,10.43,44,0,4.58,RU,1686612096
10,albany,42.6001,-73.9662,24.8,57,100,1.34,US,1686612035
11,port elizabeth,-33.918,25.5701,14.16,71,0,6.69,ZA,1686612109
12,opuwo,-18.0607,13.84,12.21,16,13,1.96,NA,1686612109
13,polyarnyy,69.1989,33.4478,10.44,93,100,3.21,RU,1686612109
14,lompoc,34.6391,-120.4579,22.66,77,100,4.92,US,1686612102
15,shimokizukuri,40.8061,140.3861,20.53,93,97,2.67,JP,1686612109
16,hermanus,-34.4187,19.2345,15.45,82,100,11.53,ZA,1686612109
17,bethel,41.3712,-73.414,22.02,86,100,4.12,US,1686612107
18,longyearbyen,78.2186,15.6401,1.91,87,75,5.66,SJ,1686612109
19,cabo san lucas,22.8909,-109.9124,33.61,33,0,3.6,MX,1686612110
20,ushuaia,-54.8,-68.3,4.81,75,40,13.38,AR,1686612061
21,claremont,34.0967,-117.7198,21.02,75,100,4.63,US,1686612110
22,edinburgh of the seven seas,-37.0676,-12.3116,15.29,93,100,7.21,SH,1686612055
23,port-aux-francais,-49.35,70.2167,6.31,91,100,14.08,TF,1686612110
24,wailua homesteads,22.0669,-159.378,28.24,78,20,6.17,US,1686612110
25,kharp,66.8014,65.8081,3.87,60,41,2.05,RU,1686612110
26,east london,-33.0153,27.9116,14.31,68,99,5.63,ZA,1686612110
27,baoqing,46.3317,132.2111,16.48,89,100,0.36,CN,1686612110
28,melekeok village,7.4957,134.6367,25.31,94,100,4.63,PW,1686612110
29,oranjemund,-28.55,16.4333,13.06,81,0,1.75,NA,1686612111
30,juquitiba,-23.9317,-47.0683,20.76,98,84,1.58,BR,1686612111
31,west island,-12.1568,96.8225,25.99,83,40,9.13,CC,1686612111
32,adamstown,-25.066,-130.1015,20.04,65,17,3.4,PN,1686612111
33,lazaro cardenas,17.9583,-102.2,30.53,58,12,6.22,MX,1686612111
34,capayan,-28.761,-66.0502,11.0,32,85,2.84,AR,1686612111
35,puerto natales,-51.7236,-72.4875,1.69,94,97,2.3,CL,1686612057
36,tiksi,71.6872,128.8694,1.9,92,78,0.68,RU,1686612081
37,qaqortoq,60.7167,-46.0333,6.09,79,100,2.93,GL,1686612112
38,waitangi,-43.9535,-176.5597,11.01,90,87,3.13,NZ,1686612112
39,iskateley,67.6803,53.1512,6.61,90,68,5.01,RU,1686612110
40,invercargill,-46.4,168.35,10.27,90,98,2.19,NZ,1686612112
41,gadzhiyevo,69.2551,33.3362,10.72,90,100,3.16,RU,1686612112
42,cannonvale,-20.2833,148.7,21.66,84,16,4.06,AU,1686612112
43,aberdeen,57.1437,-2.0981,16.48,95,98,0.51,GB,1686612112
44,sola,-13.8833,167.55,26.9,76,55,6.84,VU,1686612112
45,lorengau,-2.0226,147.2712,28.92,79,16,4.86,PG,1686612113
46,businga,3.3333,20.8833,21.59,98,59,0.64,CD,1686612113
47,thompson,55.7435,-97.8558,23.75,40,44,2.76,CA,1686611902
48,pirajui,-21.9986,-49.4572,20.75,76,33,5.32,BR,1686612113
49,grytviken,-54.2811,-36.5092,-1.81,94,78,2.52,GS,1686612051
50,naze,28.3667,129.4833,22.51,93,98,3.87,JP,1686612113
51,wattegama,6.7989,81.4808,24.56,83,100,1.71,LK,1686612113
52,luganville,-15.5333,167.1667,25.14,87,81,3.52,VU,1686612113
53,jamestown,42.097,-79.2353,13.77,80,100,5.81,US,1686612095
54,port blair,11.6667,92.75,27.84,86,89,8.13,IN,1686612066
55,enewetak,11.3474,162.3373,27.72,83,24,8.81,MH,1686612113
56,ta`u,-14.2336,-169.5144,27.67,73,76,8.29,AS,1686612114
57,langsa,4.4683,97.9683,23.97,96,87,1.03,ID,1686612114
58,colonia,50.9333,6.95,21.03,48,0,2.57,DE,1686612079
59,nemuro,43.3236,145.575,11.85,97,100,4.63,JP,1686612043
60,bilibino,68.0546,166.4372,12.72,91,100,2.56,RU,1686612114
61,st. john's,47.5649,-52.7093,7.76,90,100,7.72,CA,1686611951
62,yellowknife,62.456,-114.3525,9.29,57,75,7.2,CA,1686612065
63,kirakira,-10.4544,161.9205,29.11,74,24,2.97,SB,1686612114
64,arraial do cabo,-22.9661,-42.0278,19.98,100,40,1.03,BR,1686612096
65,margaret river,-33.95,115.0667,15.48,69,95,6.76,AU,1686612066
66,hawaiian paradise park,19.5933,-154.9731,28.73,70,20,3.6,US,1686612115
67,kidal,18.4411,1.4078,32.36,33,43,2.12,ML,1686612115
68,talnakh,69.4865,88.3972,7.34,93,99,3.28,RU,1686612055
69,katima mulilo,-17.5,24.2667,15.42,36,23,2.62,NA,1686612115
70,karatau,43.1667,70.4667,17.92,22,95,1.85,KZ,1686612115
71,kone,-21.0595,164.8658,24.78,50,23,2.06,NC,1686612115
72,malyn,50.7723,29.2383,10.33,95,100,3.91,UA,1686612115
73,al ghayzah,16.2079,52.176,28.06,93,97,1.97,YE,1686612116
74,sangkhla buri,15.1555,98.4536,22.47,99,99,0.52,TH,1686612116
75,paciran,-6.8767,112.3761,24.61,89,100,2.24,ID,1686612116
76,papatowai,-46.5619,169.4708,10.38,88,93,3.01,NZ,1686612116
77,bredasdorp,-34.5322,20.0403,13.34,67,100,8.83,ZA,1686612105
78,ambam,2.3833,11.2833,20.04,100,91,0.89,CM,1686612116
79,eyl,7.9803,49.8164,26.17,80,99,11.38,SO,1686612116
80,richards bay,-28.783,32.0377,16.62,86,59,2.27,ZA,1686612116
81,tlahualilo de zaragoza,26.1167,-103.45,38.77,10,7,1.1,MX,1686612117
82,lere,10.387,8.5726,20.63,95,21,1.86,NG,1686612117
83,ouadda,8.0777,22.4007,20.14,98,71,0.23,CF,1686612117
84,conde,-7.2597,-34.9075,23.7,100,40,2.06,BR,1686612117
85,atafu village,-8.5421,-172.5159,28.55,76,28,5.65,TK,1686612117
86,kimbe,-5.5502,150.1429,28.5,76,17,1.37,PG,1686612117
87,ancud,-41.8697,-73.8203,5.87,83,7,1.49,CL,1686612117
88,santa terezinha,-29.9002,-50.0904,10.25,69,83,4.37,BR,1686612117
89,vorgashor,67.5833,63.95,3.95,57,97,3.8,RU,1686612117
90,holualoa,19.6228,-155.9522,25.91,90,40,5.14,US,1686612118
91,kananga,-5.8958,22.4178,21.56,57,79,1.08,CD,1686612118
92,punta arenas,-53.15,-70.9167,6.06,70,20,11.83,CL,1686612118
93,aral,40.5156,81.2636,26.09,24,41,4.85,CN,1686612118
94,west bay,19.3667,-81.4167,30.04,75,20,4.63,KY,1686612118
95,iqaluit,63.7506,-68.5145,2.85,60,100,7.2,CA,1686612118
96,puerto carreno,6.189,-67.4859,27.9,76,60,0.8,CO,1686612118
97,port lincoln,-34.7333,135.8667,13.26,68,56,10.0,AU,1686612118
98,tazovsky,67.4667,78.7,0.65,97,100,8.34,RU,1686612119
99,al kharijah,25.4514,30.5464,31.01,24,0,2.8,EG,1686612119
100,afaahiti,-17.75,-149.2833,27.93,73,44,8.29,PF,1686612119
101,tangalle,6.024,80.7911,26.52,84,97,5.42,LK,1686612119
102,stanley,54.868,-1.6985,13.62,89,56,1.54,GB,1686612119
103,funafuti,-8.5243,179.1942,32.0,74,75,6.26,TV,1686612119
104,port mathurin,-19.6833,63.4167,24.87,67,64,7.07,MU,1686612119
105,severo-yeniseyskiy,60.3725,93.0408,7.79,76,100,2.55,RU,1686612119
106,corinto,37.9407,22.9573,18.27,76,72,0.73,GR,1686611986
107,igarape acu,-1.1289,-47.62,23.16,98,58,2.07,BR,1686612120
108,daru,-9.0763,143.2092,26.14,87,95,5.76,PG,1686612120
109,ust-nera,64.5667,143.2,12.19,93,100,2.29,RU,1686612102
110,coyhaique,-45.5752,-72.0662,0.34,93,20,1.54,CL,1686612120
111,al qubbah,32.7616,22.2424,16.89,89,1,5.76,LY,1686612120
112,kupang,-10.1667,123.5833,24.32,83,20,3.09,ID,1686612120
113,pangody,65.85,74.4859,0.56,84,40,6.36,RU,1686612120
114,ungsang-nodongjagu,42.3578,130.4622,15.5,88,99,0.43,KP,1686612120
115,medford,42.3265,-122.8756,33.02,30,0,4.12,US,1686612099
116,puerto quijarro,-17.7833,-57.7667,12.86,77,97,4.23,BO,1686612121
117,porto novo,6.4965,2.6036,26.9,80,48,2.69,BJ,1686612121
118,san-pedro,4.7485,-6.6363,25.46,78,90,3.55,CI,1686612121
119,sisimiut,66.9395,-53.6735,0.81,81,16,5.07,GL,1686612122
120,palmer,42.1584,-72.3287,23.97,58,75,4.12,US,1686612122
121,anadyr,64.75,177.4833,14.28,54,0,4.0,RU,1686612092
122,maceio,-9.6658,-35.7353,23.69,100,75,0.51,BR,1686612122
123,kili,5.6439,169.1211,28.57,77,100,7.36,MH,1686612122
124,curuca,-0.7289,-47.8481,23.86,96,93,2.38,BR,1686612123
125,urengoy,65.9667,78.3667,2.79,73,100,7.73,RU,1686612123
126,oum hadjer,13.2954,19.6966,29.94,54,78,6.34,TD,1686612123
127,college,64.8569,-147.8028,17.27,39,75,5.14,US,1686612123
128,celica,-4.1167,-79.95,19.79,71,51,2.24,EC,1686612123
129,alfredton,-37.5667,143.8167,7.49,95,91,2.68,AU,1686612123
130,tazacorte,28.629,-17.9293,21.54,87,75,3.09,ES,1686612125
131,beira,-19.8436,34.8389,21.05,88,0,3.09,MZ,1686612125
132,port douglas,-16.4833,145.4667,23.18,75,66,1.67,AU,1686612125
133,vilyuchinsk,52.9306,158.4028,20.15,51,0,2.44,RU,1686612125
134,la sarre,48.8002,-79.1996,16.65,78,100,1.87,CA,1686612125
135,nizhneangarsk,55.7833,109.55,9.41,59,97,5.05,RU,1686612125
136,san antonio de pale,-1.4014,5.6325,24.44,89,75,2.84,GQ,1686612125
137,sitka,57.0531,-135.33,12.94,62,75,6.17,US,1686612125
138,haiku-pauwela,20.9219,-156.3051,29.01,51,40,7.72,US,1686612126
139,caleta de carquin,-11.0925,-77.6267,21.36,76,15,7.03,PE,1686612126
140,isafjordur,66.0755,-23.124,9.18,76,4,3.6,IS,1686612016
141,hamilton,39.1834,-84.5333,20.45,58,40,6.69,US,1686612126
142,puerto ayora,-0.7393,-90.3518,26.42,90,48,3.58,EC,1686612058
143,alice springs,-23.7,133.8833,12.34,54,0,3.09,AU,1686611957
144,kerikeri,-35.2268,173.9474,15.17,64,8,3.58,NZ,1686612126
145,greenwood,34.1668,-82.1165,27.68,63,0,3.6,US,1686612127
146,russkaya polyana,49.417,31.9201,11.86,90,100,4.82,UA,1686612127
147,pacocha,-17.5833,-71.3333,16.92,81,8,3.08,PE,1686612127
148,san andres,12.5847,-81.7006,29.11,83,45,7.48,CO,1686612127
149,minas de marcona,-15.2119,-75.1103,12.61,84,33,7.53,PE,1686612127
150,choibalsan,48.0667,114.5,21.88,38,73,3.56,MN,1686612127
151,olonkinbyen,70.9221,-8.7187,1.06,90,96,7.88,SJ,1686612127
152,quesnel,52.9999,-122.5029,30.28,21,0,2.57,CA,1686612127
153,fale old settlement,-9.3852,-171.2468,28.38,77,17,5.86,TK,1686612127
154,gallup,35.5281,-108.7426,22.91,17,0,7.72,US,1686612110
155,mount gambier,-37.8333,140.7667,8.97,97,100,3.36,AU,1686612114
156,remire-montjoly,4.9167,-52.2667,27.02,83,0,2.06,GF,1686612128
157,turinsk,58.0458,63.696,3.8,74,12,2.76,RU,1686612128
158,kiunga,-6.1219,141.2906,23.52,99,100,0.65,PG,1686612128
159,nishinoomote,30.7333,131.0,23.44,91,89,2.98,JP,1686612128
160,benghazi,32.1167,20.0667,21.6,83,0,4.12,LY,1686612128
161,wingham,43.8879,-81.3114,10.87,95,100,4.63,CA,1686612129
162,ribeira grande,38.5167,-28.7,19.32,100,75,3.6,PT,1686612078
163,labrador city,52.9463,-66.9114,18.95,32,20,2.06,CA,1686612129
164,lubuklinggau,-3.3,102.8667,22.72,92,80,0.62,ID,1686612129
165,harstad,68.799,16.5293,7.86,95,24,7.15,NO,1686612129
166,itoman,26.1247,127.6694,28.21,96,75,5.66,JP,1686612129
167,ad dawadimi,24.5077,44.3924,25.64,15,6,3.38,SA,1686612129
168,crane,31.3974,-102.3501,37.88,8,0,8.03,US,1686612101
169,tsiombe,-25.3,45.4833,18.46,94,29,1.2,MG,1686612130
170,malvan,16.0667,73.4667,28.15,79,46,7.01,IN,1686612130
171,ibirite,-20.0219,-44.0589,21.84,45,75,1.29,BR,1686612130
172,pasni,25.2631,63.471,29.5,72,100,1.35,PK,1686612130
173,bedarieux,43.6155,3.1571,18.73,94,83,0.73,FR,1686612130
174,port alfred,-33.5906,26.891,14.3,69,81,10.72,ZA,1686612059
175,markala,13.7021,-6.0659,29.57,53,78,4.58,ML,1686612130
176,egilsstadir,65.2653,-14.3948,9.95,66,0,4.12,IS,1686612130
177,utrik,11.2278,169.8474,27.51,82,88,8.81,MH,1686612077
178,palu,-0.8917,119.8707,25.05,94,92,1.02,ID,1686612131
179,mukalla,14.5425,49.1242,32.75,64,95,0.69,YE,1686612131
180,puerto san jose,13.9256,-90.8244,30.54,71,96,3.29,GT,1686612131
181,gumdag,39.2061,54.5906,28.08,40,0,3.33,TM,1686612131
182,barentu,15.1139,37.5928,22.25,69,98,1.18,ER,1686612131
183,mirnyy,62.5353,113.9611,10.69,43,1,0.89,RU,1686612131
184,hovd,48.0056,91.6419,13.87,46,44,3.47,MN,1686612086
185,shiqian,27.5225,108.2281,18.97,96,100,0.73,CN,1686612132
186,mata-utu,-13.2816,-176.1745,28.27,76,59,6.15,WF,1686612132
187,saint-francois,46.4154,3.9054,14.82,100,89,1.03,FR,1686611909
188,flying fish cove,-10.4217,105.6791,25.82,88,100,5.14,CX,1686612070
189,steamboat springs,40.485,-106.8317,15.19,60,75,3.6,US,1686612132
190,chifeng,42.2683,118.9636,17.21,67,24,2.04,CN,1686612132
191,solnechnyy,50.7214,136.6319,16.81,55,0,2.2,RU,1686612132
192,merizo village,13.2658,144.6691,30.32,92,52,7.33,GU,1686612132
193,lihue,21.9789,-159.3672,28.58,72,20,6.17,US,1686612133
194,kodiak,57.79,-152.4072,11.73,54,75,5.14,US,1686612050
195,arkhangel'sk,64.5401,40.5433,13.33,56,94,3.88,RU,1686612133
196,natal,-5.795,-35.2094,25.36,94,20,2.57,BR,1686611999
197,firuzabad,28.8438,52.5707,25.02,18,0,2.57,IR,1686612133
198,hotan,37.0997,79.9269,26.21,23,62,2.25,CN,1686612133
199,zhob,31.3411,69.4481,25.68,37,0,3.66,PK,1686612133
200,whitehorse,60.7161,-135.0538,16.72,21,40,8.23,CA,1686611688
201,fada,9.5667,8.3,20.51,94,90,0.61,NG,1686612134
202,myingyan,21.4667,95.3833,27.43,72,58,5.69,MM,1686612134
203,hadibu,12.65,54.0333,28.11,78,100,9.14,YE,1686612134
204,puerto baquerizo moreno,-0.9,-89.6,26.55,83,40,6.69,EC,1686612134
205,miles city,46.4083,-105.8406,27.54,32,0,3.09,US,1686612134
206,bonthe,7.5264,-12.505,25.2,88,100,3.24,SL,1686612134
207,rabigh,22.7986,39.0349,30.46,40,0,3.41,SA,1686612134
208,aromashevo,56.8602,68.6375,6.05,70,80,2.28,RU,1686612135
209,launceston,-41.45,147.1667,10.64,97,75,0.45,AU,1686612135
210,newton aycliffe,54.6184,-1.5719,16.16,84,53,1.12,GB,1686612135
211,kanniyakumari,8.0833,77.5667,27.29,81,99,7.86,IN,1686612135
212,fort frances,48.5999,-93.4003,26.76,33,0,2.57,CA,1686612135
213,irtyshsk,53.3333,75.4572,11.47,60,44,2.56,KZ,1686612135
214,claveria,18.6074,121.0832,26.53,85,100,2.06,PH,1686612135
215,saint-philippe,-21.3585,55.7679,21.77,76,0,3.42,RE,1686612104
216,tomatlan,19.9333,-105.25,31.48,55,17,5.0,MX,1686612136
217,kozan,37.4552,35.8157,19.71,90,34,0.37,TR,1686612136
218,touros,-5.1989,-35.4608,25.13,85,1,5.03,BR,1686612136
219,saipan,15.1355,145.701,30.39,100,75,6.17,MP,1686612081
220,clarksville,36.5298,-87.3595,23.1,47,40,3.6,US,1686612007
221,nova sintra,14.8667,-24.7167,21.79,83,63,6.76,CV,1686612136
222,brokopondo,4.75,-55.1667,26.11,83,24,3.64,SR,1686612136
223,bardai,11.65,7.2333,23.53,80,86,4.48,NG,1686612093
224,hilo,19.7297,-155.09,28.85,63,20,4.02,US,1686612137
225,nadym,65.5333,72.5167,0.31,80,45,5.79,RU,1686612137
226,selfoss,63.9331,-20.9971,7.8,77,68,2.9,IS,1686612137
227,ulsteinvik,62.3432,5.8487,15.04,66,100,1.48,NO,1686612073
228,dolores,-36.3132,-57.6792,5.52,87,72,1.65,AR,1686612137
229,fort bragg,35.139,-79.006,27.85,74,75,5.14,US,1686612137
230,akureyri,65.6835,-18.0878,9.96,71,0,3.6,IS,1686612134
231,midvagur,62.0511,-7.1939,7.46,93,3,0.51,FO,1686612138
232,northam,51.0333,-4.2167,15.37,96,40,1.62,GB,1686612137
233,iquitos,-3.7481,-73.2472,25.02,88,75,1.03,PE,1686612138
234,coquimbo,-29.9533,-71.3436,10.85,81,40,2.57,CL,1686611901
235,karbala,32.616,44.0249,33.98,19,27,3.31,IQ,1686612138
236,orkney,-26.9802,26.6727,7.4,71,0,3.2,ZA,1686612138
237,huangpi,30.8845,114.3779,24.06,88,75,3.0,CN,1686612138
238,avarua,-21.2078,-159.775,26.03,83,75,3.6,CK,1686612138
239,princeton,25.5384,-80.4089,30.0,94,75,1.54,US,1686611903
240,ilulissat,69.2167,-51.1,3.01,65,75,4.63,GL,1686612139
241,nar'yan-mar,67.6713,53.087,6.63,90,68,5.01,RU,1686612139
242,badger,64.8,-147.5333,17.22,38,20,5.14,US,1686612139
243,lata,40.1629,-8.3327,16.0,98,26,1.29,PT,1686612139
244,udachny,66.4167,112.4,11.92,40,31,6.12,RU,1686612139
245,machico,32.7,-16.7667,20.4,81,40,4.12,PT,1686612139
246,jinka,5.65,36.65,17.0,87,95,0.88,ET,1686612139
247,cueramaro,20.6167,-101.7167,35.68,12,37,2.14,MX,1686612139
248,nabire,-3.3667,135.4833,24.77,91,100,1.51,ID,1686612140
249,barcelos,41.5388,-8.6151,19.08,91,4,0.35,PT,1686612140
250,port saint john's,-31.6229,29.5448,15.76,76,61,3.21,ZA,1686612072
251,melilla,35.2937,-2.9383,23.21,56,0,5.66,ES,1686612140
252,al jawf,29.5,38.75,26.15,26,0,3.57,SA,1686612118
253,tonghae,37.5439,129.1069,20.01,80,21,0.49,KR,1686612140
254,port macquarie,-31.4333,152.9167,17.16,64,27,3.41,AU,1686611810
255,port pirie,-33.1833,138.0167,12.31,78,8,6.79,AU,1686612002
256,ulladulla,-35.35,150.4667,13.9,67,62,3.68,AU,1686611999
257,i-n-salah,27.1935,2.4607,35.7,8,0,4.7,DZ,1686612140
258,san francisco del rincon,21.0167,-101.85,36.31,13,54,2.77,MX,1686612141
259,luderitz,-26.6481,15.1594,13.06,82,0,4.96,NA,1686612141
260,happy valley-goose bay,53.3168,-60.3315,18.17,45,100,2.06,CA,1686612067
261,pokhara,28.2333,83.9833,21.48,83,84,2.12,NP,1686612141
262,krasnovishersk,60.4078,57.082,3.86,92,12,1.71,RU,1686612141
263,kingston,17.997,-76.7936,30.69,66,20,8.23,JM,1686612019
264,tulsipur,28.131,82.2973,25.95,52,5,1.89,NP,1686612141
265,san luis de la loma,17.2706,-100.8939,31.3,61,26,4.91,MX,1686612141
266,yugorsk,61.3133,63.3319,4.4,63,21,2.17,RU,1686612141
267,monterey,36.2505,-121.2516,21.76,1,39,2.8,US,1686612142
268,sastobe,42.55,70.0,22.94,27,98,3.84,KZ,1686612142
269,yacuiba,-22.038,-63.6797,9.02,44,88,3.03,BO,1686612142
270,mahibadhoo,3.7833,72.9667,28.66,77,62,7.18,MV,1686612142
271,kapuskasing,49.4169,-82.4331,21.05,52,100,3.09,CA,1686612142
272,argo,37.6333,22.7333,18.21,78,77,1.39,GR,1686612142
273,gorno-altaysk,51.9561,85.955,10.95,85,95,2.26,RU,1686612073
274,imbituba,-28.24,-48.6703,14.36,80,100,4.71,BR,1686612142
275,zaozersk,69.4005,32.4476,11.09,76,100,4.24,RU,1686612142
276,kostanay,53.1667,63.5833,13.16,54,40,5.0,KZ,1686612143
277,abaza,52.655,90.0928,10.74,86,38,2.03,RU,1686612143
278,sinabang,2.4803,96.3801,26.39,81,76,0.33,ID,1686611899
279,lebu,-37.6167,-73.65,9.11,81,0,6.64,CL,1686612082
280,tessaoua,13.7574,7.9874,33.35,38,25,2.77,NE,1686612143
281,cooper's town,26.8667,-77.5167,27.66,78,37,7.25,BS,1686612143
282,undurkhaan,47.3194,110.6556,21.07,37,34,1.46,MN,1686612143
283,klaksvik,62.2266,-6.589,6.51,72,2,0.31,FO,1686612143
284,chibougamau,49.9168,-74.3659,24.79,36,0,3.09,CA,1686612143
285,petrolina,-9.3986,-40.5008,25.03,69,20,4.12,BR,1686611940
286,yuzhno-kurilsk,44.0306,145.8556,11.48,96,100,3.69,RU,1686612052
287,cruzeiro do sul,-29.5128,-51.9853,8.07,89,43,0.7,BR,1686612144
288,segou,13.4317,-6.2157,28.99,56,79,5.78,ML,1686612144
289,salinopolis,-0.6136,-47.3561,26.26,86,87,5.3,BR,1686612144
290,verkhnevilyuysk,63.4453,120.3167,11.0,43,1,3.3,RU,1686612144
291,rabo de peixe,37.8,-25.5833,18.73,100,75,7.2,PT,1686612144
292,petropavlovsk-kamchatsky,53.0452,158.6483,19.33,42,0,2.0,RU,1686612144
293,zapala,-38.8992,-70.0544,3.31,38,0,1.68,AR,1686612144
294,jianguang,28.1938,115.7836,23.18,89,100,2.65,CN,1686612144
295,palikir - national government center,6.9248,158.1611,29.41,74,100,5.14,FM,1686612145
296,phalodi,27.1333,72.3667,32.56,50,2,8.34,IN,1686612145
297,mumbwa,-14.9783,27.0619,19.5,35,61,2.16,ZM,1686612145
298,zakynthos,37.7914,20.8953,20.91,83,20,0.0,GR,1686612145
299,jiangyou,31.7667,104.7167,21.04,64,65,1.76,CN,1686612075
300,svyetlahorsk,52.6329,29.7389,10.78,74,100,3.61,BY,1686612145
301,princeville,45.7668,-61.2985,20.36,66,0,1.54,CA,1686612145
302,tubarjal,30.4999,38.216,25.14,34,0,5.02,SA,1686612145
303,saint-pierre,-21.3393,55.4781,22.54,73,0,2.57,RE,1686612146
304,cockburn town,21.4612,-71.1419,28.01,84,60,9.44,TC,1686612146
305,papao,-17.75,-149.55,28.82,75,5,8.61,PF,1686612133
306,mogok,22.9167,96.5,18.43,98,99,1.13,MM,1686612147
307,pangkalanbuun,-2.6833,111.6167,24.22,98,100,1.1,ID,1686612147
308,barakani,-12.1356,44.4317,24.4,72,5,1.26,KM,1686612147
309,tadine,-21.55,167.8833,22.51,63,40,5.94,NC,1686612148
310,aykhal,66.0,111.5,10.98,47,55,6.84,RU,1686612148
311,belmonte,-15.8631,-38.8828,23.32,85,0,2.39,BR,1686612148
312,berdigestyakh,62.0989,126.6992,7.16,56,100,3.2,RU,1686612148
313,camocim,-2.9022,-40.8411,25.81,85,14,5.65,BR,1686612148
314,san patricio,28.017,-97.5169,33.43,58,3,7.8,US,1686612066
315,susuman,62.7833,148.1667,21.19,46,98,2.65,RU,1686612068
316,xiaoweizhai,26.1903,107.5125,17.33,97,100,0.99,CN,1686612148
317,san pablo,14.0669,121.3258,26.61,82,100,0.9,PH,1686612149
318,kumagunnam,13.1551,10.6342,32.24,41,18,1.34,NG,1686612149
319,merritt island,28.5392,-80.672,33.38,71,0,4.63,US,1686611987
320,rio grande,-32.035,-52.0986,5.06,59,2,4.3,BR,1686612085
321,nova vicosa,-17.8919,-39.3719,22.71,84,1,3.76,BR,1686612149
322,constantia,44.1833,28.65,13.38,82,34,7.37,RO,1686612149
323,camarinas,43.1311,-9.1817,17.88,92,99,2.15,ES,1686612149
324,piti village,13.4626,144.6933,30.49,78,40,6.17,GU,1686612149
325,shiggaon,15.0,75.2333,22.62,89,45,4.76,IN,1686612149
326,tafuna,-14.3358,-170.72,27.97,94,100,6.69,AS,1686612088
327,general jose de san martin,-26.5374,-59.3416,10.15,39,100,1.59,AR,1686612150
328,new norfolk,-42.7826,147.0587,7.73,80,87,1.09,AU,1686612150
329,sidi khaled,34.387,4.9879,25.82,47,72,9.1,DZ,1686612150
330,karratha,-20.7377,116.8463,17.76,42,2,7.08,AU,1686612067
331,laojunmiao,39.8333,97.7333,18.72,26,0,3.38,CN,1686612115
332,pisco,-13.7,-76.2167,21.03,73,0,9.77,PE,1686612132
333,ribadeo,43.5325,-7.0991,16.06,99,100,0.73,ES,1686612150
334,acajutla,13.5928,-89.8275,29.5,77,84,1.81,SV,1686612150
335,ampanihy,-24.7,44.75,16.83,97,17,1.66,MG,1686612150
336,akrehamn,59.2667,5.1833,13.45,62,75,0.51,NO,1686612150
337,sinop,41.7711,34.8709,14.54,94,89,0.68,TR,1686612151
338,alghero,40.5589,8.3181,19.05,100,0,1.54,IT,1686612151
339,salinas,36.6777,-121.6555,23.08,65,75,8.75,US,1686611915
340,quellon,-43.1167,-73.6167,3.14,93,0,1.03,CL,1686611886
341,kerouane,9.2667,-9.0167,21.32,96,84,1.86,GN,1686612151
342,kyzyl-suu,42.3414,78.0056,14.64,64,53,2.33,KG,1686612151
343,sao gabriel da cachoeira,-0.1303,-67.0892,26.15,76,81,0.79,BR,1686612151
344,center,31.5107,-96.4247,32.67,58,40,4.12,US,1686612151
345,afif,23.9065,42.9172,27.77,21,16,6.96,SA,1686612152
346,mont-dore,-22.2833,166.5833,22.99,99,0,3.39,NC,1686612152
347,gaspe,48.8334,-64.4819,16.12,77,20,2.06,CA,1686612152
348,kavaratti,10.5669,72.642,29.55,75,97,9.25,IN,1686611957
349,hasaki,35.7333,140.8333,21.27,96,96,7.93,JP,1686612152
350,kangding,30.0513,101.9603,12.39,94,100,1.02,CN,1686612152
351,hobyo,5.3505,48.5268,25.75,86,88,12.2,SO,1686612104
352,mocajuba,-2.5842,-49.5072,24.52,96,78,1.21,BR,1686612152
353,la passe,45.5549,-0.8967,19.13,92,98,4.35,FR,1686612153
354,wainwright,52.839,-110.8572,26.04,33,3,2.21,CA,1686612153
355,fortaleza,-3.7227,-38.5247,28.07,78,20,3.6,BR,1686611963
356,irymple,-34.25,142.1667,10.05,88,44,0.89,AU,1686612153
357,palapag,12.5458,125.1147,27.47,78,99,2.17,PH,1686612153
358,thunder bay,48.4001,-89.3168,19.99,45,75,3.09,CA,1686611986
359,sulejow,51.3544,19.8854,10.66,74,90,2.97,PL,1686612153
360,show low,34.2542,-110.0298,22.01,16,0,7.72,US,1686612153
361,granada,37.25,-3.25,17.29,68,81,2.44,ES,1686612153
362,west end,26.6833,-78.9667,24.99,74,15,5.0,BS,1686612154
363,kuqa,41.7278,82.9364,25.81,29,40,3.13,CN,1686612154
364,ola,59.5833,151.2833,16.75,94,100,4.5,RU,1686612154
365,prince albert,53.2001,-105.7677,27.97,34,75,0.0,CA,1686611903
366,palo santo,-25.5633,-59.3378,9.68,43,100,3.57,AR,1686612154
367,arteche,12.2645,125.4048,27.11,82,88,2.3,PH,1686612154
368,ghat,24.9647,10.1728,32.16,15,7,1.26,LY,1686612154
369,heihe,50.2441,127.4902,21.32,74,6,1.01,CN,1686612154
370,aasiaat,68.7098,-52.8699,0.86,77,57,8.72,GL,1686612055
371,weno,7.4515,151.8468,29.97,79,75,5.14,FM,1686612155
372,ambovombe,-25.1667,46.0833,18.36,93,14,2.76,MG,1686612068
373,vennesla,58.2694,7.9741,11.27,67,6,3.09,NO,1686612155
374,anna regina,7.2644,-58.5077,25.84,87,72,3.2,GY,1686612155
375,crawfordsville,40.0411,-86.8745,20.42,36,40,3.6,US,1686612155
376,sake,-1.5736,29.045,17.81,89,97,0.21,CD,1686612155
377,la foa,-21.7108,165.8276,22.52,55,1,1.03,NC,1686612155
378,ribeira brava,32.65,-17.0667,20.4,83,85,1.2,PT,1686612155
379,dunedin,-45.8742,170.5036,13.22,63,96,2.68,NZ,1686612156
380,inhambane,-23.865,35.3833,20.38,89,0,4.51,MZ,1686612156
381,north bend,43.4065,-124.2243,24.58,77,75,7.2,US,1686612156
382,island harbour,50.724,-1.2758,17.96,92,11,0.45,GB,1686612156
383,howard springs,-12.497,131.047,22.95,50,73,3.59,AU,1686612103
384,qamdo,31.1667,97.2333,4.28,87,100,1.04,CN,1686612156
385,newala kisimani,-10.95,39.2833,15.51,93,4,2.24,TZ,1686612156
386,padang,-0.9492,100.3543,25.49,87,41,1.65,ID,1686612156
387,mount pearl,47.5166,-52.7813,7.3,90,100,7.72,CA,1686612103
388,konongo,6.6167,-1.2167,20.58,93,45,1.36,GH,1686612157
389,nelson,-41.2833,173.2833,10.16,92,1,0.05,NZ,1686612142
390,olyokminsk,60.3736,120.4264,9.75,44,8,3.24,RU,1686612157
391,auki,-8.7676,160.7034,29.5,68,15,1.25,SB,1686612157
392,ukmerge,55.25,24.75,8.79,84,99,1.13,LT,1686612157
393,beibei,29.8256,106.4339,24.65,84,89,1.34,CN,1686612157
394,namibe,-15.1961,12.1522,16.81,75,3,1.96,AO,1686612157
395,tan-tan,28.438,-11.1032,21.16,89,40,6.21,MA,1686612157
396,carnarvon,-24.8667,113.6333,14.06,46,0,7.05,AU,1686612157
397,ugoofaaru,5.6667,73.0,28.74,80,89,7.86,MV,1686612158
398,sept-iles,50.2001,-66.3821,25.0,49,100,5.14,CA,1686611873
399,cova figueira,14.8905,-24.2934,23.26,71,63,4.98,CV,1686612158
400,sejny,54.108,23.347,10.51,77,100,3.54,PL,1686612158
401,el matama,16.7095,33.3565,36.08,25,82,2.23,SD,1686612158
402,cidreira,-30.1811,-50.2056,10.11,64,90,4.19,BR,1686612158
403,bamboo flat,11.7,92.7167,27.86,86,86,8.06,IN,1686612158
404,tofol,5.3248,163.0078,28.88,79,100,5.14,FM,1686612159
405,antsiranana,-12.2787,49.2917,22.13,87,2,4.21,MG,1686612159
406,lewistown,40.5992,-77.5714,17.87,90,100,5.14,US,1686611996
407,ostersund,63.1792,14.6357,13.67,35,52,5.66,SE,1686612159
408,muravlenko,63.7898,74.523,2.19,86,97,6.83,RU,1686612159
409,villa huidobro,-34.8383,-64.5869,5.26,44,0,1.53,AR,1686612159
410,wanlaweyn,2.6185,44.8938,24.35,87,88,6.77,SO,1686612159
411,rimouski,48.4488,-68.524,21.1,78,0,1.78,CA,1686611706
412,warman,52.3168,-106.5679,24.95,53,75,8.75,CA,1686612159
413,fougamou,-1.2154,10.5838,23.56,97,99,0.85,GA,1686612160
414,portland,45.5234,-122.6762,33.69,44,20,5.14,US,1686612057
415,suez,29.9737,32.5263,24.1,62,1,3.59,EG,1686612160
416,virginia beach,36.8529,-75.978,26.7,87,75,4.12,US,1686611552
417,yaren,-0.5472,166.916,28.46,76,90,4.16,NR,1686612160
418,sergeyevka,53.88,67.4158,11.28,57,100,2.99,KZ,1686612160
419,san juan pueblo,15.5833,-87.2333,32.31,71,41,2.33,HN,1686612160
420,fisterra,42.9049,-9.2629,17.79,91,100,2.71,ES,1686612160
421,kizner,56.2749,51.508,6.01,75,3,2.17,RU,1686612161
422,bodo,67.28,14.405,8.3,92,75,8.23,NO,1686612161
423,grand island,40.925,-98.342,23.97,31,0,2.06,US,1686612011
424,ketchikan,55.3422,-131.6461,16.26,67,40,6.17,US,1686612142
425,manta,-0.95,-80.7333,26.67,89,91,8.05,EC,1686611905
426,enid,36.3956,-97.8784,28.9,78,100,7.2,US,1686612161
427,sorong,-0.8833,131.25,25.5,88,100,1.16,ID,1686612161
428,banda aceh,5.5577,95.3222,26.61,77,97,5.08,ID,1686612159
429,kavieng,-2.5744,150.7967,28.72,75,79,5.6,PG,1686612161
430,usinsk,65.9939,57.5281,6.27,76,100,6.52,RU,1686612067
431,kokopo,-4.352,152.2633,28.56,71,65,2.92,PG,1686612162
432,mandan,46.8267,-100.8896,27.99,33,0,4.63,US,1686612162
433,vorkuta,67.5,64.0,4.02,57,97,3.73,RU,1686612091
434,twon-brass,4.3151,6.2418,26.69,79,97,3.32,NG,1686612162
435,sokoni,-6.4333,39.55,26.19,67,0,6.47,TZ,1686612162
436,chaoyang,41.5703,120.4586,19.01,65,53,2.22,CN,1686612162
437,tamanrasset,22.785,5.5228,28.95,23,40,4.12,DZ,1686612162
438,nagqu,31.5,92.0,5.61,78,100,3.21,CN,1686612163
439,mejit,10.2753,170.8646,27.95,82,57,8.1,MH,1686612163
440,quibala,-10.7337,14.98,16.95,86,21,0.65,AO,1686612163
441,luena,-11.7833,19.9167,16.1,63,5,1.03,AO,1686612163
442,greymouth,-42.4667,171.2,9.9,73,11,2.38,NZ,1686612163
443,marolambo,-20.05,48.1167,15.78,96,16,1.05,MG,1686612163
444,abepura,-2.6333,140.5833,26.45,78,40,0.0,ID,1686612163
445,nuku'alofa,-21.1333,-175.2,23.19,73,75,1.03,TO,1686612163
446,uturoa,-16.7333,-151.4333,27.15,69,4,8.01,PF,1686612163
447,burang,30.25,81.1667,6.12,76,69,0.77,CN,1686612164
448,yeppoon,-23.1333,150.7333,19.88,80,21,2.26,AU,1686612164
449,siguatepeque,14.6,-87.8333,25.65,62,85,0.82,HN,1686612028
450,chaman,30.9236,66.4512,25.16,16,0,2.43,PK,1686612164
451,ponta delgada,37.7333,-25.6667,19.4,100,75,7.2,PT,1686612164
452,matoury,4.8483,-52.3317,26.98,83,0,2.06,GF,1686612164
453,kyabe,9.4515,18.9449,24.15,82,81,1.9,TD,1686612164
454,coracora,-15.0333,-73.7833,9.94,34,13,1.27,PE,1686612165
455,buka,40.8108,69.1986,26.27,34,97,1.86,UZ,1686612165
456,presidente epitacio,-21.7633,-52.1156,17.74,95,100,3.73,BR,1686612165
457,orsk,51.2049,58.5668,15.5,38,0,6.0,RU,1686612165
458,tura,25.5198,90.2201,23.48,96,69,2.45,IN,1686612166
459,peterhead,57.5058,-1.7981,15.25,92,100,2.95,GB,1686612166
460,abaete,-19.16,-45.4458,23.75,40,89,0.41,BR,1686612048
461,aripuana,-9.1667,-60.6333,27.8,66,88,1.19,BR,1686612166
462,vila velha,-20.3297,-40.2925,23.97,88,0,5.66,BR,1686612166
463,nelson bay,-32.7167,152.15,15.56,85,59,2.24,AU,1686612166
464,suphan buri,14.4742,100.1222,26.93,74,100,2.63,TH,1686612166
465,mana,5.6592,-53.7767,26.09,89,83,4.2,GF,1686612167
466,sechura,-5.5569,-80.8222,25.2,64,0,8.46,PE,1686612167
467,praia da vitoria,38.7333,-27.0667,21.14,88,20,2.29,PT,1686612167
468,erdemli,36.605,34.3084,21.37,81,3,0.48,TR,1686612167
469,general acha,-37.377,-64.6043,6.47,34,0,2.34,AR,1686612168
470,conception bay south,47.4999,-52.9981,7.63,89,100,5.96,CA,1686612168
471,zinjibar,13.1287,45.3807,31.35,74,93,3.64,YE,1686612168
472,rongelap,11.1635,166.8941,27.84,81,43,7.98,MH,1686612106
473,ebaye,8.7748,167.7392,31.01,66,40,8.23,MH,1686612168
474,keflavik,64.0049,-22.5624,8.95,81,75,2.57,IS,1686612168
475,howrah,22.5892,88.3103,28.0,94,40,1.54,IN,1686612168
476,villa dolores,-31.9459,-65.1896,7.81,34,0,2.28,AR,1686612169
477,catemaco,18.4167,-95.1167,32.4,57,24,3.93,MX,1686612169
478,mili,6.0815,171.735,28.29,81,100,8.72,MH,1686612169
479,diebougou,10.9667,-3.25,26.86,69,100,1.96,BF,1686612169
480,sidi akkacha,36.4647,1.3026,23.16,61,47,3.59,DZ,1686612169
481,novodvinsk,64.4165,40.8122,13.25,56,93,3.79,RU,1686612170
482,gulnar,36.3415,33.3992,14.63,79,7,0.73,TR,1686612170
483,blytheville,35.9273,-89.919,25.03,53,30,4.02,US,1686612170
484,jobabo,20.9692,-76.2994,30.01,85,92,3.1,CU,1686612170
485,plettenberg bay,-34.0527,23.3716,13.0,72,99,4.78,ZA,1686612170
486,codrington,-38.2667,141.9667,10.02,88,55,6.13,AU,1686612170
487,buala,-8.145,159.5921,28.97,75,59,2.89,SB,1686612171
488,vernon,50.2581,-119.2691,34.96,21,12,1.54,CA,1686612171
489,shetpe,44.1667,52.1167,27.2,17,6,6.54,KZ,1686612171
490,tutong,4.8,114.65,26.05,85,75,1.14,BN,1686612171
491,kalmunai,7.4167,81.8167,26.6,79,100,2.27,LK,1686612171
492,venelles,43.5984,5.4853,17.91,90,99,2.17,FR,1686612171
493,great falls,47.5002,-111.3008,25.37,43,0,5.66,US,1686612103
494,cururupu,-1.8283,-44.8683,23.86,98,16,1.6,BR,1686612171
495,naryn,41.4287,75.9911,12.1,78,96,2.12,KG,1686612172
496,shingu,33.7333,135.9833,25.31,70,55,1.04,JP,1686612172
497,geraldton,-28.7667,114.6,8.23,87,0,6.17,AU,1686612172
498,igarka,67.4667,86.5833,7.16,85,58,5.17,RU,1686612172
499,tolanaro,-25.0319,46.9987,22.04,88,20,2.06,MG,1686612096
500,grove city,39.8815,-83.093,21.12,52,40,7.72,US,1686612032
501,fortuna,40.5982,-124.1573,17.42,81,0,8.75,US,1686612160
502,patnagarh,20.7167,83.15,32.12,39,87,3.07,IN,1686612173
503,ulanhot,46.0833,122.0833,21.04,51,74,2.1,CN,1686612159
504,nuuk,64.1835,-51.7216,0.34,100,100,4.12,GL,1686612173
505,cambria,35.5641,-121.0808,22.36,66,51,2.92,US,1686612072
506,ad dabbah,18.05,30.95,35.97,18,81,3.38,SD,1686612173
507,el trebol,-32.2008,-61.7014,6.68,49,2,1.79,AR,1686612173
508,fort saskatchewan,53.7168,-113.2187,28.59,24,100,2.57,CA,1686612173
509,katabu,-4.9333,122.5167,24.3,90,100,0.95,ID,1686612174
510,dalai,45.5,124.3,21.0,51,5,0.91,CN,1686612174
511,harlingen,26.1906,-97.6961,33.98,78,0,7.2,US,1686611983
512,masterton,-40.9597,175.6575,11.6,74,6,1.76,NZ,1686612174
513,kruisfontein,-34.0033,24.7314,11.05,67,97,6.22,ZA,1686612155
514,arno,60.1167,18.6333,12.1,63,8,4.15,SE,1686612174
515,pazaryolu,40.4208,40.771,15.3,70,22,2.03,TR,1686612175
516,broome,42.2506,-75.833,19.21,95,100,6.69,US,1686612175
517,as sulayyil,20.4607,45.5779,34.14,19,99,7.63,SA,1686612175
518,ajuy,11.1724,123.0197,27.36,85,55,2.64,PH,1686612175
519,saudarkrokur,65.7461,-19.6394,11.44,72,90,1.44,IS,1686612175
520,amga,60.8953,131.9608,4.53,89,100,2.48,RU,1686612175
521,kaspiyskiy,45.3929,47.3707,23.42,58,12,1.5,RU,1686612175
522,labytnangi,66.6572,66.4183,4.0,61,40,2.8,RU,1686612176
523,antalaha,-14.9003,50.2788,20.74,87,3,2.16,MG,1686612176
524,klyuchi,52.2667,79.1667,15.32,82,77,4.32,RU,1686612091
525,itaituba,-4.2761,-55.9836,27.48,75,97,0.18,BR,1686612167
526,flores da cunha,-29.0289,-51.1817,4.78,87,0,3.09,BR,1686612176
527,scarborough,54.2797,-0.4044,16.48,83,37,0.89,GB,1686611981
528,la jolla,32.8473,-117.2742,21.95,76,100,6.17,US,1686611925
529,nizhnyaya tavda,57.6731,66.1725,4.68,69,7,2.52,RU,1686612176
530,quila,24.4228,-107.22,35.92,28,2,6.33,MX,1686612176
531,ilhabela,-23.7781,-45.3581,21.66,92,59,2.38,BR,1686612061
532,zwedru,6.0667,-8.1281,21.58,99,48,1.06,LR,1686612177
533,chui,-33.6971,-53.4616,8.33,69,37,3.38,UY,1686612177
534,jiwani,25.05,61.7417,29.36,75,100,3.4,PK,1686612177
535,nizhnyaya tura,58.6293,59.8118,3.77,74,3,2.14,RU,1686612177
536,okha,53.5739,142.9478,6.91,94,100,2.79,RU,1686612177
537,pionerskiy,54.9508,20.2275,13.91,53,100,5.24,RU,1686612178
538,shimoda,34.6667,138.95,23.2,85,85,0.2,JP,1686612178
539,nacala,-14.5428,40.6728,20.06,86,2,1.27,MZ,1686612178
540,brezina,33.0989,1.2608,28.88,15,34,1.71,DZ,1686612178
541,lincoln,40.8,-96.667,26.61,34,0,1.34,US,1686611669
542,bubaque,11.2833,-15.8333,27.68,79,75,2.49,GW,1686612138
543,nouadhibou,20.931,-17.0347,21.99,83,0,6.69,MR,1686612178
544,kaura namoda,12.5898,6.5779,27.32,66,57,5.88,NG,1686612179
545,crucecita,-28.95,-58.9833,6.82,44,0,2.62,AR,1686612179
546,villamontes,-21.25,-63.5,10.75,38,74,3.36,BO,1686612179
547,nosy varika,-20.5833,48.5333,20.44,89,56,2.49,MG,1686612179
548,cabedelo,-6.9811,-34.8339,24.37,86,0,5.41,BR,1686612179
549,oostrozebeke,50.9209,3.338,22.2,64,4,3.45,BE,1686612179
550,forster,-32.1667,152.5167,17.43,93,30,2.68,AU,1686612179
551,nadi,-17.8,177.4167,28.0,61,75,3.6,FJ,1686612180
552,yinchuan,38.4681,106.2731,21.26,25,3,2.01,CN,1686612180
553,taulaga,-11.0553,-171.0883,28.13,78,14,6.61,AS,1686612180
554,svit,49.0601,20.2069,5.88,93,0,3.09,SK,1686612056
555,serra talhada,-7.9919,-38.2983,23.8,65,72,4.91,BR,1686611912
556,perelyub,51.8667,50.3667,13.19,66,100,8.43,RU,1686612180
557,rice lake,45.5061,-91.7382,21.18,47,40,4.63,US,1686612009
558,lukolela,-1.0605,17.1821,21.83,94,100,1.25,CD,1686612181
559,piton saint-leu,-21.2196,55.3151,20.78,73,0,2.57,RE,1686612181
560,nanakuli,21.3906,-158.1547,31.97,48,40,6.69,US,1686612181
561,greenland,43.0362,-70.8328,24.48,77,75,6.69,US,1686612181
562,mao,39.8885,4.2658,22.31,94,40,3.6,ES,1686612181
563,kailua-kona,19.6406,-155.9956,27.98,89,40,5.14,US,1686612181
564,san,13.3034,-4.8956,27.42,62,99,5.02,ML,1686611662
565,castillos,-34.1667,-53.8333,9.01,72,48,4.03,UY,1686612182
566,bel ombre,-4.6167,55.4167,26.91,78,40,6.69,SC,1686612182
